"Código (AMOSTRAGEM BIOLÓGICA - TELEÓSTEOS)";"Data da amostragem";"Código da amostra";"Região";"Amostra foi proveniente de qual atividade";"Informações gerais sobre desembarque / despesca > Nome da unidade produtiva";"Informações gerais sobre desembarque / despesca > Porto de desembarque / despesca";"Informações gerais sobre desembarque / despesca > Data do desembarque / despesca";"Informações gerais sobre desembarque / despesca > Hora do desembarque / despesca";"Informações gerais sobre a arte de pesca > Arte de pesca";"Informações gerais sobre a arte de pesca > Arte de pesca nível II - Armadilhas";"Informações gerais sobre a arte de pesca > Arte de pesca nível II - Arrastos";"Informações gerais sobre a arte de pesca > Arte de pesca nível II - Emalhes";"Informações gerais sobre a arte de pesca > Arte de pesca nível II - Espinheis";"Informações gerais sobre a arte de pesca > Arte de pesca níve II - Linhas";"Informações gerais sobre a arte de pesca > Arte de pesca nível II - Outros";"Informações sobre a faína de pesca > Período dedicado à faína de pesca";"Informações sobre a faína de pesca > Tempo médio de duração da faína de pesca";"Informações sobre as capturas > Captura total da viagem (kg)";"Informações sobre as capturas > Captura total da espécie (kg)";"Local da coleta (Latitude)";"Local da coleta (Longitude)";"Local de edição (Latitude)";"Local de edição (Longitude)";"Criado por";"Atualizado por";"Criado em";"Criado em (horário do dispositivo)";"Atualizado em"
"1.1263554";"24/03/2025";"#219";"Região Centro-Sul";"Pesca artesanal";"Barranceira";"";"";"";"Emalhe";"";"";"Redes de superfície";"";"";"";"";"";"";"";"-27,5054592";"-48,6408192";"0,00";"0,00";"Marcos Vinicius Barros da Silva";"";"08/04/2025 17:52";"08/04/2025 17:52";""
"1.1263538";"05/04/2025";"#218";"Região Centro-Sul";"Pesca artesanal";"Imaruí";"";"";"";"Emalhe";"";"";"Redes de fundo";"";"";"";"";"";"";"";"-27,5054592";"-48,6408192";"0,00";"0,00";"Marcos Vinicius Barros da Silva";"";"08/04/2025 17:33";"08/04/2025 17:33";""
"1.1263492";"06/04/2025";"#220";"Região Centro-Sul";"Pesca artesanal";"JC";"";"";"";"Outros";"";"";"";"";"";"Tarrafa";"";"";"";"";"-27,5054592";"-48,6408192";"0,00";"0,00";"Marcos Vinicius Barros da Silva";"";"08/04/2025 16:54";"08/04/2025 16:54";""
"1.1263481";"07/04/2025";"#222";"Região Centro-Sul";"Pesca artesanal";"Cabeçuda";"";"";"";"Emalhe";"";"";"Redes de superfície";"";"";"";"";"";"";"";"-27,5054592";"-48,6408192";"0,00";"0,00";"Marcos Vinicius Barros da Silva";"";"08/04/2025 16:46";"08/04/2025 16:46";""
"1.1263428";"07/04/2025";"#221";"Região Centro-Sul";"Pesca artesanal";"Tesoura";"";"";"";"Emalhe";"";"";"Redes de superfície";"";"";"";"";"";"";"";"-27,5054592";"-48,6408192";"0,00";"0,00";"Marcos Vinicius Barros da Silva";"";"08/04/2025 16:01";"08/04/2025 16:01";""
"1.1261983";"02/04/2025";"#217";"Região Centro-Sul";"Pesca artesanal";"";"";"";"";"Emalhe";"";"";"Redes de superfície";"";"";"";"";"";"";"";"-27,5054592";"-48,6408192";"0,00";"0,00";"Marcos Vinicius Barros da Silva";"";"07/04/2025 11:32";"07/04/2025 11:32";""
"1.1261883";"18/12/2024";"#166";"Região Centro-Sul";"Pesca artesanal";"Tesoura";"";"";"";"Outros";"";"";"";"";"";"Tarrafa";"";"";"";"";"-27,5054592";"-48,6408192";"0,00";"0,00";"Marcos Vinicius Barros da Silva";"";"07/04/2025 10:36";"07/04/2025 10:36";""
"1.1261873";"30/03/2025";"#212";"Região Centro-Sul";"Pesca artesanal";"Imaruí";"";"";"";"Emalhe";"";"";"Redes de fundo";"";"";"";"";"";"";"";"-27,5054592";"-48,6408192";"0,00";"0,00";"Marcos Vinicius Barros da Silva";"";"07/04/2025 10:28";"07/04/2025 10:28";""
"1.1261854";"01/04/2025";"#214";"Região Centro-Sul";"Pesca artesanal";"Lagoas";"";"";"";"Emalhe";"";"";"Redes de superfície";"";"";"";"";"";"";"";"-27,5054592";"-48,6408192";"0,00";"0,00";"Marcos Vinicius Barros da Silva";"";"07/04/2025 10:21";"07/04/2025 10:21";""
"1.1261835";"31/03/2025";"#213";"Região Centro-Sul";"Pesca artesanal";"Cabeçuda";"";"";"";"Emalhe";"";"";"Redes de superfície";"";"";"";"";"";"";"";"-27,5054592";"-48,6408192";"0,00";"0,00";"Marcos Vinicius Barros da Silva";"";"07/04/2025 10:06";"07/04/2025 10:06";""
"1.1254652";"30/03/2025";"#211";"Região Centro-Sul";"Pesca artesanal";"Imaruí";"";"";"";"Emalhe";"";"";"Redes de fundo";"";"";"";"";"";"";"";"-27,5054592";"-48,6408192";"0,00";"0,00";"Marcos Vinicius Barros da Silva";"";"31/03/2025 11:28";"31/03/2025 11:28";""
"1.1254605";"14/01/2025";"#171";"Região Sul";"Pesca artesanal";"";"";"";"";"Emalhe";"";"";"Redes de fundo";"";"";"";"";"";"";"";"-27,5054592";"-48,6408192";"0,00";"0,00";"Marcos Vinicius Barros da Silva";"";"31/03/2025 10:52";"31/03/2025 10:52";""
"1.1254550";"24/01/2025";"#175";"Região Centro-Sul";"Pesca artesanal";"JC";"";"";"";"Emalhe";"";"";"Redes de superfície";"";"";"";"";"";"";"";"-27,5054592";"-48,6408192";"0,00";"0,00";"Marcos Vinicius Barros da Silva";"";"31/03/2025 10:29";"31/03/2025 10:29";""
"1.1254451";"27/03/2025";"#210";"Região Centro-Sul";"Pesca artesanal";"Imaruí";"";"";"";"Emalhe";"";"";"Redes de fundo";"";"";"";"";"";"";"";"-27,5054592";"-48,6408192";"0,00";"0,00";"Marcos Vinicius Barros da Silva";"";"31/03/2025 09:33";"31/03/2025 09:33";""
"1.1251949";"25/03/2025";"#209";"Região Centro-Sul";"Pesca artesanal";"Imaruí";"";"";"";"Emalhe";"";"";"Redes de fundo";"";"";"";"";"";"";"";"-27,5054592";"-48,6408192";"0,00";"0,00";"Marcos Vinicius Barros da Silva";"";"27/03/2025 09:49";"27/03/2025 09:49";""
"1.1248822";"23/03/2025";"#208";"Região Centro-Sul";"Pesca artesanal";"Imaruí";"";"";"";"Emalhe";"";"";"Redes de fundo";"";"";"";"";"";"";"";"-27,5054592";"-48,644096";"0,00";"0,00";"Marcos Vinicius Barros da Silva";"";"25/03/2025 10:17";"25/03/2025 10:17";""
"1.1248767";"23/03/2025";"#207";"Região Centro-Sul";"Pesca artesanal";"Tesoura";"";"";"";"Outros";"";"";"";"";"";"Tarrafa";"";"";"";"";"-27,5054592";"-48,644096";"0,00";"0,00";"Marcos Vinicius Barros da Silva";"";"25/03/2025 09:47";"25/03/2025 09:47";""
"1.1248734";"22/01/2025";"#170";"Região Centro-Sul";"Pesca artesanal";"Imaruí";"";"";"";"Emalhe";"";"";"Redes de fundo";"";"";"";"";"";"";"";"-27,5054592";"-48,644096";"0,00";"0,00";"Marcos Vinicius Barros da Silva";"Marcos Vinicius Barros da Silva";"25/03/2025 09:29";"25/03/2025 09:29";"25/03/2025 10:20"
"1.1247043";"20/03/2025";"#206";"Região Central";"Pesca artesanal";"Pinheira";"";"";"";"Emalhe";"";"";"Redes de superfície";"";"";"";"";"";"";"";"-27,5054592";"-48,644096";"0,00";"0,00";"Marcos Vinicius Barros da Silva";"";"21/03/2025 18:20";"21/03/2025 18:20";""
"1.1247012";"05/03/2025";"#199";"Região Centro-Sul";"Pesca artesanal";"Imaruí";"";"";"";"Emalhe";"";"";"Redes de fundo";"";"";"";"";"";"";"";"-27,5054592";"-48,644096";"0,00";"0,00";"Marcos Vinicius Barros da Silva";"Marcos Vinicius Barros da Silva";"21/03/2025 16:37";"21/03/2025 16:37";"28/03/2025 09:06"
"1.1247010";"14/01/2025";"#182";"Região Sul";"Pesca artesanal";"";"";"";"";"";"";"";"";"";"";"";"";"";"";"";"-27,5054592";"-48,644096";"0,00";"0,00";"Marcos Vinicius Barros da Silva";"";"21/03/2025 16:33";"21/03/2025 16:33";""
"1.1247007";"31/01/2025";"#185";"Região Centro-Sul";"Pesca artesanal";"Molhes da Barra";"";"";"";"Emalhe";"";"";"Redes de fundo";"";"";"";"";"";"";"";"-27,5054592";"-48,644096";"0,00";"0,00";"Marcos Vinicius Barros da Silva";"";"21/03/2025 16:22";"21/03/2025 16:22";""
"1.1246999";"13/03/2025";"#205";"Região Centro-Sul";"Pesca artesanal";"Cabeçuda";"";"";"";"";"";"";"";"";"";"";"";"";"";"";"-27,5054592";"-48,644096";"0,00";"0,00";"Marcos Vinicius Barros da Silva";"";"21/03/2025 16:14";"21/03/2025 16:14";""
"1.1246971";"29/01/2025";"#176";"Região Centro-Sul";"Pesca artesanal";"Tesoura";"";"";"";"Outros";"";"";"";"";"";"Tarrafa";"";"";"";"";"-27,5054592";"-48,644096";"0,00";"0,00";"Marcos Vinicius Barros da Silva";"Marcos Vinicius Barros da Silva";"21/03/2025 15:24";"21/03/2025 15:24";"24/03/2025 11:14"
"1.1243969";"05/03/2025";"#204";"Região Centro-Sul";"Pesca artesanal";"Barranceira";"";"";"";"Armadilha";"Aviãozinho";"";"";"";"";"";"";"";"";"";"-27,5021824";"-48,6473728";"0,00";"0,00";"Marcos Vinicius Barros da Silva";"";"17/03/2025 14:36";"17/03/2025 14:36";""
"1.1243804";"28/02/2025";"#198";"Região Sul";"Pesca artesanal";"";"";"";"";"Emalhe";"";"";"Redes de superfície";"";"";"";"";"";"";"";"-27,5021824";"-48,6473728";"0,00";"0,00";"Marcos Vinicius Barros da Silva";"Marcos Vinicius Barros da Silva";"17/03/2025 11:40";"17/03/2025 11:40";"07/04/2025 11:10"
"1.1243724";"15/02/2025";"#202";"Região Sul";"Pesca artesanal";"";"";"";"";"Outros";"";"";"";"";"";"Coleta manual";"";"";"";"";"-27,5021824";"-48,6473728";"0,00";"0,00";"Marcos Vinicius Barros da Silva";"";"17/03/2025 10:54";"17/03/2025 10:54";""
"1.1243716";"15/02/2025";"#201";"Região Centro-Sul";"Pesca artesanal";"Imaruí";"";"";"";"Arrasto";"";"Arrasto de praia";"";"";"";"";"";"";"";"";"-27,5021824";"-48,6473728";"0,00";"0,00";"Marcos Vinicius Barros da Silva";"";"17/03/2025 10:48";"17/03/2025 10:48";""
"1.1243704";"21/02/2025";"#200";"Região Centro-Sul";"Pesca artesanal";"Barranceira";"";"";"";"Emalhe";"";"";"Redes de superfície";"";"";"";"";"";"";"";"-27,5021824";"-48,6473728";"0,00";"0,00";"Marcos Vinicius Barros da Silva";"";"17/03/2025 10:43";"17/03/2025 10:43";""
"1.1240032";"12/09/2024";"#062";"Região Centro-Sul";"Pesca artesanal";"";"";"";"";"Emalhe";"";"";"Redes de fundo";"";"";"";"";"";"";"";"-26,9221888";"-48,6637568";"0,00";"0,00";"Marcos Vinicius Barros da Silva";"";"10/03/2025 09:41";"10/03/2025 09:41";""
"1.1234342";"26/01/2025";"#173";"Região Centro-Sul";"Pesca artesanal";"JC";"";"";"";"Emalhe";"";"";"Redes de superfície";"";"";"";"";"";"";"";"-26,9123584";"-48,6637568";"0,00";"0,00";"Marcos Vinicius Barros da Silva";"Marcos Vinicius Barros da Silva";"27/02/2025 12:42";"27/02/2025 12:42";"13/03/2025 11:57"
"1.1234316";"21/06/2024";"#184";"Região Centro-Sul";"Pesca artesanal";"";"";"";"";"Emalhe";"";"";"Redes de superfície";"";"";"";"";"";"";"";"-26,9123584";"-48,6637568";"0,00";"0,00";"Marcos Vinicius Barros da Silva";"Marcos Vinicius Barros da Silva";"27/02/2025 12:13";"27/02/2025 12:13";"13/03/2025 11:55"
"1.1234292";"03/02/2025";"#190";"Região Centro-Sul";"Pesca artesanal";"Imaruí";"";"";"";"Armadilha";"Aviãozinho";"";"";"";"";"";"";"";"";"";"-26,9123584";"-48,6637568";"0,00";"0,00";"Marcos Vinicius Barros da Silva";"Marcos Vinicius Barros da Silva";"27/02/2025 12:00";"27/02/2025 12:00";"13/03/2025 11:50"
"1.1234280";"18/12/2024";"#165";"Região Centro-Sul";"Pesca artesanal";"";"";"";"";"Emalhe";"";"";"Redes de superfície";"";"";"";"";"";"";"";"-26,9123584";"-48,6637568";"0,00";"0,00";"Marcos Vinicius Barros da Silva";"Marcos Vinicius Barros da Silva";"27/02/2025 11:52";"27/02/2025 11:52";"13/03/2025 11:49"
"1.1234258";"11/02/2025";"#196";"Região Centro-Sul";"Pesca artesanal";"Imaruí";"";"";"";"Arrasto";"";"Arrasto de praia";"";"";"";"";"";"";"";"";"-26,9123584";"-48,6637568";"0,00";"0,00";"Marcos Vinicius Barros da Silva";"Marcos Vinicius Barros da Silva";"27/02/2025 11:33";"27/02/2025 11:33";"13/03/2025 11:48"
"1.1234240";"06/02/2025";"#194";"Região Centro-Sul";"Pesca artesanal";"Imaruí";"";"";"";"Emalhe";"";"";"Redes de fundo";"";"";"";"";"";"";"";"-26,9123584";"-48,6637568";"0,00";"0,00";"Marcos Vinicius Barros da Silva";"Marcos Vinicius Barros da Silva";"27/02/2025 11:26";"27/02/2025 11:26";"13/03/2025 11:48"
"1.1234205";"12/02/2025";"#197";"Região Centro-Sul";"Pesca artesanal";"Imaruí";"";"";"";"Emalhe";"";"";"Redes de fundo";"";"";"";"";"";"";"";"-26,9123584";"-48,6637568";"0,00";"0,00";"Marcos Vinicius Barros da Silva";"Marcos Vinicius Barros da Silva";"27/02/2025 11:12";"27/02/2025 11:12";"13/03/2025 11:44"
"1.1234186";"05/02/2025";"#193";"Região Centro-Sul";"Pesca artesanal";"Imaruí";"";"";"";"Emalhe";"";"";"Redes de fundo";"";"";"";"";"";"";"";"-26,9123584";"-48,6637568";"0,00";"0,00";"Marcos Vinicius Barros da Silva";"Marcos Vinicius Barros da Silva";"27/02/2025 10:59";"27/02/2025 10:59";"13/03/2025 11:43"
"1.1234135";"31/01/2025";"#189";"Região Central";"Pesca artesanal";"Pescaria Brava";"";"";"";"Emalhe";"";"";"Redes de superfície";"";"";"";"";"";"";"";"-26,9123584";"-48,6637568";"0,00";"0,00";"Marcos Vinicius Barros da Silva";"Marcos Vinicius Barros da Silva";"27/02/2025 10:41";"27/02/2025 10:41";"13/03/2025 11:42"
"1.1234082";"01/02/2025";"#188";"Região Central";"Pesca artesanal";"";"";"";"";"Emalhe";"";"";"Redes de fundo";"";"";"";"";"";"";"";"-26,9123584";"-48,6637568";"0,00";"0,00";"Marcos Vinicius Barros da Silva";"Marcos Vinicius Barros da Silva";"27/02/2025 10:23";"27/02/2025 10:23";"13/03/2025 11:36"
"1.1234070";"07/07/2024";"#186";"Região Centro-Sul";"Pesca artesanal";"";"";"";"";"Emalhe";"";"";"Redes de superfície";"";"";"";"";"";"";"";"-26,9123584";"-48,6637568";"0,00";"0,00";"Marcos Vinicius Barros da Silva";"Marcos Vinicius Barros da Silva";"27/02/2025 10:18";"27/02/2025 10:18";"13/03/2025 11:35"
"1.1234005";"04/02/2025";"#192";"Região Centro-Sul";"Pesca artesanal";"Perrexil";"";"";"";"Armadilha";"Aviãozinho";"";"";"";"";"";"";"";"";"";"-26,9123584";"-48,6637568";"0,00";"0,00";"Marcos Vinicius Barros da Silva";"Tainá Guimarães Julio";"27/02/2025 09:21";"27/02/2025 09:21";"20/03/2025 15:11"
"1.1233788";"25/01/2025";"#172";"Região Centro-Sul";"Pesca artesanal";"Imaruí";"";"";"";"Emalhe";"";"";"Redes de fundo";"";"";"";"";"";"";"";"-26,9090816";"-48,6637568";"0,00";"0,00";"Marcos Vinicius Barros da Silva";"Marcos Vinicius Barros da Silva";"26/02/2025 17:53";"26/02/2025 17:53";"17/03/2025 11:58"
"1.1233764";"29/01/2025";"#177";"Região Centro-Sul";"Pesca artesanal";"";"";"";"";"Emalhe";"";"";"Redes de superfície";"";"";"";"";"";"";"";"-26,9090816";"-48,6637568";"0,00";"0,00";"Marcos Vinicius Barros da Silva";"Marcos Vinicius Barros da Silva";"26/02/2025 17:07";"26/02/2025 17:07";"13/03/2025 11:21"
"1.1233703";"29/01/2025";"#178";"Região Centro-Sul";"Pesca artesanal";"";"";"";"";"Emalhe";"";"";"Redes de fundo";"";"";"";"";"";"";"";"-26,9090816";"-48,6637568";"0,00";"0,00";"Marcos Vinicius Barros da Silva";"Marcos Vinicius Barros da Silva";"26/02/2025 16:30";"26/02/2025 16:30";"13/03/2025 11:19"
"1.1233685";"01/02/2025";"#187";"Região Centro-Sul";"Pesca artesanal";"Lag Sto Antonio dos Anjos";"";"";"";"Emalhe";"";"";"Redes de fundo";"";"";"";"";"";"";"";"-26,9090816";"-48,6637568";"0,00";"0,00";"Marcos Vinicius Barros da Silva";"Marcos Vinicius Barros da Silva";"26/02/2025 16:13";"26/02/2025 16:13";"21/03/2025 16:40"
"1.1233636";"30/01/2025";"#183";"Região Centro-Sul";"Pesca artesanal";"";"";"";"";"Emalhe";"";"";"Redes de fundo";"";"";"";"";"";"";"";"-26,9090816";"-48,6637568";"0,00";"0,00";"Marcos Vinicius Barros da Silva";"Marcos Vinicius Barros da Silva";"26/02/2025 15:41";"26/02/2025 15:41";"13/03/2025 11:17"
"1.1233630";"27/01/2025";"#174";"Região Central";"Pesca artesanal";"";"";"";"";"Emalhe";"";"";"Redes de superfície";"";"";"";"";"";"";"";"-26,9090816";"-48,6637568";"0,00";"0,00";"Marcos Vinicius Barros da Silva";"Marcos Vinicius Barros da Silva";"26/02/2025 15:36";"26/02/2025 15:36";"07/04/2025 11:00"
"1.1233623";"21/12/2024";"#167";"Região Centro-Sul";"Pesca artesanal";"Barranceira";"";"";"";"Arrasto";"";"Berimbau";"";"";"";"";"";"";"";"";"-26,9090816";"-48,6637568";"0,00";"0,00";"Marcos Vinicius Barros da Silva";"Marcos Vinicius Barros da Silva";"26/02/2025 15:29";"26/02/2025 15:29";"13/03/2025 11:15"
"1.1233539";"29/01/2025";"#181";"Região Centro-Sul";"Pesca artesanal";"";"";"";"";"Outros";"";"";"";"";"";"Tarrafa";"";"";"";"";"-26,9090816";"-48,6637568";"0,00";"0,00";"Marcos Vinicius Barros da Silva";"Marcos Vinicius Barros da Silva";"26/02/2025 15:00";"26/02/2025 15:00";"13/03/2025 11:12"
"1.1233501";"17/12/2024";"#163";"Região Centro-Sul";"Pesca artesanal";"";"";"";"";"Emalhe";"";"";"Redes de superfície";"";"";"";"";"";"";"";"-26,9090816";"-48,6637568";"0,00";"0,00";"Marcos Vinicius Barros da Silva";"Marcos Vinicius Barros da Silva";"26/02/2025 14:36";"26/02/2025 14:36";"13/03/2025 11:11"
"1.1233416";"14/01/2025";"#168";"Região Centro-Sul";"Pesca artesanal";"Imaruí";"";"";"";"Emalhe";"";"";"Redes de fundo";"";"";"";"";"";"";"";"-26,9090816";"-48,6637568";"0,00";"0,00";"Marcos Vinicius Barros da Silva";"Marcos Vinicius Barros da Silva";"26/02/2025 13:25";"26/02/2025 13:25";"13/03/2025 11:09"
"1.1233262";"21/06/2024";"#169";"Região Centro-Sul";"Pesca artesanal";"";"";"";"";"Emalhe";"";"";"Redes de superfície";"";"";"";"";"";"";"";"-26,9090816";"-48,6637568";"0,00";"0,00";"Marcos Vinicius Barros da Silva";"Marcos Vinicius Barros da Silva";"26/02/2025 11:07";"26/02/2025 11:07";"13/03/2025 11:04"
"1.1233200";"15/12/2024";"#160";"Região Centro-Sul";"Pesca artesanal";"Tesoura";"";"";"";"Outros";"";"";"";"";"";"Tarrafa";"";"";"";"";"-26,9090816";"-48,6637568";"0,00";"0,00";"Marcos Vinicius Barros da Silva";"Marcos Vinicius Barros da Silva";"26/02/2025 10:52";"26/02/2025 10:52";"13/03/2025 11:04"
"1.1233150";"04/12/2024";"#158";"Região Centro-Sul";"Pesca artesanal";"Barranceira";"";"";"";"Arrasto";"";"Berimbau";"";"";"";"";"";"";"";"";"-26,9090816";"-48,6637568";"0,00";"0,00";"Marcos Vinicius Barros da Silva";"Marcos Vinicius Barros da Silva";"26/02/2025 10:35";"26/02/2025 10:35";"13/03/2025 11:03"
"1.1233089";"28/11/2024";"#156";"Região Centro-Sul";"Pesca artesanal";"";"";"";"";"Emalhe";"";"";"Redes de superfície";"";"";"";"";"";"";"";"-26,9090816";"-48,6637568";"0,00";"0,00";"Marcos Vinicius Barros da Silva";"Marcos Vinicius Barros da Silva";"26/02/2025 10:11";"26/02/2025 10:11";"13/03/2025 11:00"
"1.1233072";"28/11/2024";"#155";"Região Centro-Sul";"Pesca artesanal";"";"";"";"";"Emalhe";"";"";"Redes de fundo";"";"";"";"";"";"";"";"";"";"0,00";"0,00";"Marcos Vinicius Barros da Silva";"Marcos Vinicius Barros da Silva";"26/02/2025 09:58";"26/02/2025 09:58";"13/03/2025 10:59"
"1.1233060";"27/11/2024";"#154";"Região Centro-Sul";"Pesca artesanal";"";"";"";"";"";"";"";"";"";"";"";"";"";"";"";"-26,9090816";"-48,6637568";"0,00";"0,00";"Marcos Vinicius Barros da Silva";"Marcos Vinicius Barros da Silva";"26/02/2025 09:50";"26/02/2025 09:50";"13/03/2025 10:58"
"1.1233025";"23/11/2024";"#153";"Região Centro-Sul";"Pesca artesanal";"";"";"";"";"Emalhe";"";"";"Redes de superfície";"";"";"";"";"";"";"";"-26,9090816";"-48,6637568";"0,00";"0,00";"Marcos Vinicius Barros da Silva";"Marcos Vinicius Barros da Silva";"26/02/2025 09:27";"26/02/2025 09:27";"13/03/2025 10:54"
"1.1232851";"19/11/2024";"#151";"Região Centro-Sul";"Pesca artesanal";"JC";"";"";"";"Emalhe";"";"";"Redes de fundo";"";"";"";"";"";"";"";"-26,9090816";"-48,6637568";"0,00";"0,00";"Marcos Vinicius Barros da Silva";"Marcos Vinicius Barros da Silva";"25/02/2025 18:51";"25/02/2025 18:51";"13/03/2025 10:46"
"1.1232383";"21/11/2024";"#152";"Região Centro-Sul";"Pesca artesanal";"JC";"";"";"";"Emalhe";"";"";"Redes de superfície";"";"";"";"";"";"";"";"-26,9090816";"-48,6637568";"0,00";"0,00";"Marcos Vinicius Barros da Silva";"Marcos Vinicius Barros da Silva";"25/02/2025 12:21";"25/02/2025 12:21";"13/03/2025 10:27"
"1.1232301";"15/11/2024";"#150";"Região Centro-Sul";"Pesca artesanal";"";"";"";"";"Emalhe";"";"";"Redes de fundo";"";"";"";"";"";"";"";"-26,9090816";"-48,6637568";"0,00";"0,00";"Marcos Vinicius Barros da Silva";"Marcos Vinicius Barros da Silva";"25/02/2025 11:22";"25/02/2025 11:22";"13/03/2025 10:24"
"1.1232273";"14/11/2024";"#148";"Região Centro-Sul";"Pesca artesanal";"";"";"";"";"Emalhe";"";"";"Redes de fundo";"";"";"";"";"";"";"";"-26,9090816";"-48,6637568";"0,00";"0,00";"Marcos Vinicius Barros da Silva";"Marcos Vinicius Barros da Silva";"25/02/2025 11:08";"25/02/2025 11:08";"13/03/2025 10:24"
"1.1232266";"10/11/2024";"#147";"Região Centro-Sul";"Pesca artesanal";"Lag Sto Antonio dos Anjos";"";"";"";"Emalhe";"";"";"Redes de superfície";"";"";"";"";"";"";"";"-26,9090816";"-48,6637568";"0,00";"0,00";"Marcos Vinicius Barros da Silva";"Marcos Vinicius Barros da Silva";"25/02/2025 11:03";"25/02/2025 11:03";"13/03/2025 10:23"
"1.1232249";"10/11/2024";"#146";"Região Centro-Sul";"Pesca artesanal";"Lag Sto Antonio dos Anjos";"";"";"";"Emalhe";"";"";"Redes de superfície";"";"";"";"";"";"";"";"-26,9090816";"-48,6637568";"0,00";"0,00";"Marcos Vinicius Barros da Silva";"Marcos Vinicius Barros da Silva";"25/02/2025 10:55";"25/02/2025 10:55";"13/03/2025 10:23"
"1.1232235";"07/11/2024";"#145";"Região Centro-Sul";"Pesca artesanal";"Lag Sto Antonio dos Anjos";"";"";"";"Emalhe";"";"";"Redes de superfície";"";"";"";"";"";"";"";"-26,9090816";"-48,6637568";"0,00";"0,00";"Marcos Vinicius Barros da Silva";"Marcos Vinicius Barros da Silva";"25/02/2025 10:46";"25/02/2025 10:46";"13/03/2025 10:22"
"1.1232212";"07/11/2024";"#144";"Região Centro-Sul";"Pesca artesanal";"Imaruí";"";"";"";"Outros";"";"";"";"";"";"";"";"";"";"";"-26,9090816";"-48,6637568";"0,00";"0,00";"Marcos Vinicius Barros da Silva";"Marcos Vinicius Barros da Silva";"25/02/2025 10:37";"25/02/2025 10:37";"13/03/2025 10:22"
"1.1232193";"07/11/2024";"#143";"Região Centro-Sul";"Pesca artesanal";"Imaruí";"";"";"";"Armadilha";"Aviãozinho";"";"";"";"";"";"";"";"";"";"-26,9090816";"-48,6637568";"0,00";"0,00";"Marcos Vinicius Barros da Silva";"Marcos Vinicius Barros da Silva";"25/02/2025 10:30";"25/02/2025 10:30";"13/03/2025 10:21"
"1.1232153";"07/11/2024";"#142";"Região Centro-Sul";"Pesca artesanal";"Perrexil";"";"";"";"Arrasto";"";"Berimbau";"";"";"";"";"";"";"";"";"-26,9090816";"-48,6637568";"0,00";"0,00";"Marcos Vinicius Barros da Silva";"Marcos Vinicius Barros da Silva";"25/02/2025 10:15";"25/02/2025 10:15";"13/03/2025 10:19"
"1.1231710";"07/11/2024";"#141";"Região Centro-Sul";"Pesca artesanal";"Barranceira";"";"";"";"Arrasto";"";"Berimbau";"";"";"";"";"";"";"";"";"-26,9090816";"-48,6637568";"0,00";"0,00";"Marcos Vinicius Barros da Silva";"Marcos Vinicius Barros da Silva";"24/02/2025 17:37";"24/02/2025 17:37";"13/03/2025 10:18"
"1.1231688";"06/11/2024";"#140";"Região Centro-Sul";"Pesca artesanal";"Lag Sto Antonio dos Anjos";"";"";"";"Emalhe";"";"";"Redes de superfície";"";"";"";"";"";"";"";"";"";"0,00";"0,00";"Marcos Vinicius Barros da Silva";"Marcos Vinicius Barros da Silva";"24/02/2025 17:21";"24/02/2025 17:21";"13/03/2025 10:16"
"1.1231682";"06/11/2024";"#139";"Região Centro-Sul";"Pesca artesanal";"Lag Sto Antonio dos Anjos";"";"";"";"Emalhe";"";"";"Redes de superfície";"";"";"";"";"";"";"";"-26,9090816";"-48,6637568";"0,00";"0,00";"Marcos Vinicius Barros da Silva";"Marcos Vinicius Barros da Silva";"24/02/2025 17:17";"24/02/2025 17:17";"13/03/2025 10:14"
"1.1231630";"05/11/2024";"#138";"Região Centro-Sul";"Pesca artesanal";"Lag Sto Antonio dos Anjos";"";"";"";"Espinhel";"";"";"";"Espinhel de superfície";"";"";"";"";"";"";"-26,9090816";"-48,6637568";"0,00";"0,00";"Marcos Vinicius Barros da Silva";"Marcos Vinicius Barros da Silva";"24/02/2025 16:42";"24/02/2025 16:42";"13/03/2025 10:08"
"1.1231617";"04/11/2024";"#137";"Região Centro-Sul";"Pesca artesanal";"Lag Sto Antonio dos Anjos";"";"";"";"Outros";"";"";"";"";"";"Tarrafa";"";"";"";"";"-26,9090816";"-48,6637568";"0,00";"0,00";"Marcos Vinicius Barros da Silva";"Marcos Vinicius Barros da Silva";"24/02/2025 16:34";"24/02/2025 16:34";"13/03/2025 10:06"
"1.1231566";"01/11/2024";"#136";"Região Centro-Sul";"Pesca artesanal";"Lag Sto Antonio dos Anjos";"";"";"";"Outros";"";"";"";"";"";"Tarrafa";"";"";"";"";"-26,9090816";"-48,6637568";"0,00";"0,00";"Marcos Vinicius Barros da Silva";"Marcos Vinicius Barros da Silva";"24/02/2025 16:06";"24/02/2025 16:06";"13/03/2025 09:49"
"1.1231543";"01/11/2024";"#135";"Região Centro-Sul";"Pesca artesanal";"Lag Sto Antonio dos Anjos";"";"";"";"Emalhe";"";"";"";"";"";"";"";"";"";"";"-26,9090816";"-48,6637568";"0,00";"0,00";"Marcos Vinicius Barros da Silva";"Marcos Vinicius Barros da Silva";"24/02/2025 15:52";"24/02/2025 15:52";"13/03/2025 09:49"
"1.1231510";"01/11/2024";"#134";"Região Centro-Sul";"Pesca artesanal";"Lag Sto Antonio dos Anjos";"";"";"";"Outros";"";"";"";"";"";"Tarrafa";"";"";"";"";"-26,9090816";"-48,6637568";"0,00";"0,00";"Marcos Vinicius Barros da Silva";"Marcos Vinicius Barros da Silva";"24/02/2025 15:34";"24/02/2025 15:34";"13/03/2025 09:47"
"1.1231468";"01/11/2024";"#133";"Região Centro-Sul";"Pesca artesanal";"Lag Sto Antonio dos Anjos";"";"";"";"Outros";"";"";"";"";"";"Tarrafa";"";"";"";"";"-26,9090816";"-48,6637568";"0,00";"0,00";"Marcos Vinicius Barros da Silva";"Marcos Vinicius Barros da Silva";"24/02/2025 15:16";"24/02/2025 15:16";"13/03/2025 09:46"
"1.1231404";"28/10/2024";"#131";"Região Sul";"Pesca artesanal";"";"";"";"";"Emalhe";"";"";"Redes de superfície";"";"";"";"";"";"";"";"-26,9090816";"-48,6637568";"0,00";"0,00";"Marcos Vinicius Barros da Silva";"Marcos Vinicius Barros da Silva";"24/02/2025 14:53";"24/02/2025 14:53";"13/03/2025 09:43"
"1.1231370";"31/10/2024";"#132";"Região Centro-Sul";"Pesca artesanal";"JC";"";"";"";"Emalhe";"";"";"Redes de fundo";"";"";"";"";"";"";"";"-26,9090816";"-48,6637568";"0,00";"0,00";"Marcos Vinicius Barros da Silva";"Marcos Vinicius Barros da Silva";"24/02/2025 14:36";"24/02/2025 14:36";"12/03/2025 09:43"
"1.1231356";"30/10/2024";"#130";"Região Centro-Sul";"Pesca artesanal";"JC";"";"";"";"Emalhe";"";"";"Redes de fundo";"";"";"";"";"";"";"";"-26,9090816";"-48,6637568";"0,00";"0,00";"Marcos Vinicius Barros da Silva";"Marcos Vinicius Barros da Silva";"24/02/2025 14:30";"24/02/2025 14:30";"12/03/2025 09:43"
"1.1231271";"30/10/2024";"#128";"Região Centro-Sul";"Pesca artesanal";"JC";"";"";"";"Outros";"";"";"";"";"";"Tarrafa";"";"";"";"";"-26,9090816";"-48,6637568";"0,00";"0,00";"Marcos Vinicius Barros da Silva";"Marcos Vinicius Barros da Silva";"24/02/2025 12:05";"24/02/2025 12:05";"12/03/2025 09:42"
"1.1229223";"30/10/2024";"#129";"Região Centro-Sul";"Pesca artesanal";"";"";"";"";"Emalhe";"";"";"Redes de fundo";"";"";"";"";"";"";"";"-26,9123584";"-48,6670336";"0,00";"0,00";"Marcos Vinicius Barros da Silva";"Tainá Guimarães Julio";"20/02/2025 14:15";"20/02/2025 14:15";"18/03/2025 13:02"
"1.1229161";"30/10/2024";"#127";"Região Centro-Sul";"Pesca artesanal";"JC";"";"";"";"Emalhe";"";"";"";"";"";"";"";"";"";"";"-26,9123584";"-48,6670336";"0,00";"0,00";"Marcos Vinicius Barros da Silva";"Marcos Vinicius Barros da Silva";"20/02/2025 13:25";"20/02/2025 13:25";"12/03/2025 09:23"
"1.1229106";"29/10/2024";"#126";"Região Centro-Sul";"Pesca artesanal";"";"";"";"";"Emalhe";"";"";"Redes de fundo";"";"";"";"";"";"";"";"-26,9123584";"-48,6670336";"0,00";"0,00";"Marcos Vinicius Barros da Silva";"Marcos Vinicius Barros da Silva";"20/02/2025 11:57";"20/02/2025 11:57";"12/03/2025 09:22"
"1.1228874";"28/10/2024";"#125";"Região Centro-Sul";"Pesca artesanal";"";"";"";"";"Emalhe";"";"";"Redes de fundo";"";"";"";"";"";"";"";"-26,9123584";"-48,6670336";"0,00";"0,00";"Marcos Vinicius Barros da Silva";"Marcos Vinicius Barros da Silva";"20/02/2025 10:32";"20/02/2025 10:32";"12/03/2025 09:05"
"1.1228801";"25/10/2024";"#124";"Região Centro-Sul";"Pesca artesanal";"";"";"";"";"Emalhe";"";"";"Redes de fundo";"";"";"";"";"";"";"";"-26,9123584";"-48,6670336";"0,00";"0,00";"Marcos Vinicius Barros da Silva";"Marcos Vinicius Barros da Silva";"20/02/2025 09:51";"20/02/2025 09:51";"12/03/2025 08:46"
"1.1228774";"25/10/2024";"#123";"Região Centro-Sul";"Pesca artesanal";"";"";"";"";"Emalhe";"";"";"Redes de fundo";"";"";"";"";"";"";"";"-26,9123584";"-48,6670336";"0,00";"0,00";"Marcos Vinicius Barros da Silva";"Marcos Vinicius Barros da Silva";"20/02/2025 09:39";"20/02/2025 09:39";"12/03/2025 08:45"
"1.1228768";"24/10/2024";"#122";"Região Centro-Sul";"Pesca artesanal";"";"";"";"";"Emalhe";"";"";"Redes de superfície";"";"";"";"";"";"";"";"-26,9123584";"-48,6670336";"0,00";"0,00";"Marcos Vinicius Barros da Silva";"Marcos Vinicius Barros da Silva";"20/02/2025 09:31";"20/02/2025 09:31";"12/03/2025 08:44"
"1.1228536";"24/10/2024";"#121";"Região Centro-Sul";"Pesca artesanal";"";"";"";"";"Emalhe";"";"";"Redes de fundo";"";"";"";"";"";"";"";"-26,9123584";"-48,6670336";"0,00";"0,00";"Marcos Vinicius Barros da Silva";"Marcos Vinicius Barros da Silva";"19/02/2025 17:36";"19/02/2025 17:36";"11/03/2025 16:18"
"1.1228492";"22/10/2024";"#120";"Região Centro-Sul";"Pesca artesanal";"";"";"";"";"Emalhe";"";"";"Redes de fundo";"";"";"";"";"";"";"";"-26,9123584";"-48,6670336";"0,00";"0,00";"Marcos Vinicius Barros da Silva";"Marcos Vinicius Barros da Silva";"19/02/2025 16:59";"19/02/2025 16:59";"11/03/2025 16:17"
"1.1228466";"22/10/2024";"#115";"Região Centro-Sul";"Pesca artesanal";"";"";"";"";"Emalhe";"";"";"Redes de fundo";"";"";"";"";"";"";"";"-26,9123584";"-48,6670336";"0,00";"0,00";"Marcos Vinicius Barros da Silva";"Marcos Vinicius Barros da Silva";"19/02/2025 16:38";"19/02/2025 16:38";"11/03/2025 16:16"
"1.1228316";"17/10/2024";"#114";"Região Centro-Sul";"Pesca artesanal";"Praia do Sol";"";"";"";"Arrasto";"";"Arrasto de praia";"";"";"";"";"";"";"";"";"-26,9123584";"-48,6670336";"0,00";"0,00";"Marcos Vinicius Barros da Silva";"Marcos Vinicius Barros da Silva";"19/02/2025 15:20";"19/02/2025 15:20";"11/03/2025 16:15"
"1.1228270";"24/10/2024";"#119";"Região Centro-Sul";"Pesca artesanal";"";"";"";"";"Emalhe";"";"";"Redes de superfície";"";"";"";"";"";"";"";"-26,9123584";"-48,6670336";"0,00";"0,00";"Marcos Vinicius Barros da Silva";"Tainá Guimarães Julio";"19/02/2025 15:03";"19/02/2025 15:03";"18/03/2025 12:55"
"1.1228237";"24/10/2024";"#118";"Região Centro-Sul";"Pesca artesanal";"Santo Antônio";"";"";"";"Emalhe";"";"";"Redes de fundo";"";"";"";"";"";"";"";"-26,9123584";"-48,6670336";"0,00";"0,00";"Marcos Vinicius Barros da Silva";"Marcos Vinicius Barros da Silva";"19/02/2025 14:47";"19/02/2025 14:47";"11/03/2025 16:14"
"1.1228198";"24/10/2024";"#117";"Região Centro-Sul";"Pesca artesanal";"Santo Antônio";"";"";"";"Emalhe";"";"";"Redes de fundo";"";"";"";"";"";"";"";"-26,9123584";"-48,6670336";"0,00";"0,00";"Marcos Vinicius Barros da Silva";"Marcos Vinicius Barros da Silva";"19/02/2025 13:45";"19/02/2025 13:45";"11/03/2025 16:13"
"1.1228192";"08/10/2024";"#116";"Região Centro-Sul";"Pesca artesanal";"Perrexil";"";"";"";"Armadilha";"Aviãozinho";"";"";"";"";"";"";"";"";"";"-26,9123584";"-48,6670336";"0,00";"0,00";"Marcos Vinicius Barros da Silva";"Marcos Vinicius Barros da Silva";"19/02/2025 13:31";"19/02/2025 13:31";"11/03/2025 16:13"
"1.1228182";"17/10/2024";"#113";"Região Centro-Sul";"Pesca artesanal";"Praia do Sol";"";"";"";"Arrasto";"";"Arrasto de praia";"";"";"";"";"";"";"";"";"-26,9123584";"-48,6670336";"0,00";"0,00";"Marcos Vinicius Barros da Silva";"Marcos Vinicius Barros da Silva";"19/02/2025 13:12";"19/02/2025 13:12";"11/03/2025 16:12"
"1.1228126";"06/10/2024";"#112";"Região Central";"Pesca artesanal";"";"";"";"";"Emalhe";"";"";"Redes de superfície";"";"";"";"";"";"";"";"-26,9123584";"-48,6670336";"0,00";"0,00";"Marcos Vinicius Barros da Silva";"Tainá Guimarães Julio";"19/02/2025 11:44";"19/02/2025 11:44";"18/03/2025 13:54"
"1.1228091";"16/10/2024";"#110";"Região Centro-Sul";"Pesca artesanal";"";"";"";"";"Emalhe";"";"";"Redes de fundo";"";"";"";"";"";"";"";"-26,9123584";"-48,6670336";"0,00";"0,00";"Marcos Vinicius Barros da Silva";"Tainá Guimarães Julio";"19/02/2025 11:24";"19/02/2025 11:24";"18/03/2025 12:51"
"1.1227947";"15/10/2024";"#109";"Região Centro-Sul";"Pesca artesanal";"";"";"";"";"Emalhe";"";"";"Redes de fundo";"";"";"";"";"";"";"";"-26,9123584";"-48,6670336";"0,00";"0,00";"Marcos Vinicius Barros da Silva";"Marcos Vinicius Barros da Silva";"19/02/2025 10:05";"19/02/2025 10:05";"11/03/2025 14:25"
"1.1227915";"15/10/2024";"#108";"Região Centro-Sul";"Pesca artesanal";"";"";"";"";"Espinhel";"";"";"";"Espinhel de fundo";"";"";"";"";"";"";"-26,9123584";"-48,6670336";"0,00";"0,00";"Marcos Vinicius Barros da Silva";"Marcos Vinicius Barros da Silva";"19/02/2025 09:45";"19/02/2025 09:45";"11/03/2025 14:17"
"1.1227595";"14/10/2024";"#107";"Região Centro-Sul";"Pesca artesanal";"";"";"";"";"Emalhe";"";"";"Redes de superfície";"";"";"";"";"";"";"";"-26,9254656";"-48,6670336";"0,00";"0,00";"Marcos Vinicius Barros da Silva";"Marcos Vinicius Barros da Silva";"18/02/2025 16:54";"18/02/2025 16:54";"11/03/2025 14:11"
"1.1227529";"14/10/2024";"#106";"Região Sul";"Pesca artesanal";"";"";"";"";"Emalhe";"";"";"Redes de superfície";"";"";"";"";"";"";"";"-26,9254656";"-48,6670336";"0,00";"0,00";"Marcos Vinicius Barros da Silva";"Marcos Vinicius Barros da Silva";"18/02/2025 16:23";"18/02/2025 16:23";"11/03/2025 14:09"
"1.1227504";"13/10/2024";"#105";"Região Sul";"Pesca artesanal";"";"";"";"";"Emalhe";"";"";"Redes de superfície";"";"";"";"";"";"";"";"-26,9254656";"-48,6670336";"0,00";"0,00";"Marcos Vinicius Barros da Silva";"Marcos Vinicius Barros da Silva";"18/02/2025 16:08";"18/02/2025 16:08";"11/03/2025 14:07"
"1.1227490";"09/10/2024";"#104";"Região Sul";"Pesca industrial";"";"";"";"";"Emalhe";"";"";"Redes de fundo";"";"";"";"";"";"";"";"-26,9254656";"-48,6670336";"0,00";"0,00";"Marcos Vinicius Barros da Silva";"Marcos Vinicius Barros da Silva";"18/02/2025 16:01";"18/02/2025 16:01";"11/03/2025 14:06"
"1.1227470";"10/10/2024";"#103";"Região Sul";"Pesca artesanal";"";"";"";"";"Emalhe";"";"";"Redes de superfície";"";"";"";"";"";"";"";"-26,9254656";"-48,6670336";"0,00";"0,00";"Marcos Vinicius Barros da Silva";"Marcos Vinicius Barros da Silva";"18/02/2025 15:52";"18/02/2025 15:52";"11/03/2025 14:05"
"1.1227410";"06/10/2024";"#102";"Região Centro-Sul";"Pesca artesanal";"JC";"";"";"";"Outros";"";"";"";"";"";"Tarrafa";"";"";"";"";"-26,9254656";"-48,6670336";"0,00";"0,00";"Marcos Vinicius Barros da Silva";"Marcos Vinicius Barros da Silva";"18/02/2025 15:23";"18/02/2025 15:23";"11/03/2025 14:01"
"1.1227353";"09/10/2024";"#101";"Região Centro-Sul";"Pesca artesanal";"";"";"";"";"Emalhe";"";"";"Redes de superfície";"";"";"";"";"";"";"";"-26,9254656";"-48,6670336";"0,00";"0,00";"Marcos Vinicius Barros da Silva";"Tainá Guimarães Julio";"18/02/2025 14:49";"18/02/2025 14:49";"18/03/2025 13:48"
"1.1227323";"07/10/2024";"#100";"Região Centro-Sul";"Pesca artesanal";"";"";"";"";"Emalhe";"";"";"Redes de superfície";"";"";"";"";"";"";"";"-26,9254656";"-48,6670336";"0,00";"0,00";"Marcos Vinicius Barros da Silva";"Marcos Vinicius Barros da Silva";"18/02/2025 14:38";"18/02/2025 14:38";"11/03/2025 13:58"
"1.1227284";"07/10/2024";"#099";"Região Centro-Sul";"Pesca artesanal";"";"";"";"";"Emalhe";"";"";"Redes de fundo";"";"";"";"";"";"";"";"-26,9254656";"-48,6670336";"0,00";"0,00";"Marcos Vinicius Barros da Silva";"Marcos Vinicius Barros da Silva";"18/02/2025 14:15";"18/02/2025 14:15";"11/03/2025 13:57"
"1.1227271";"07/10/2024";"#098";"Região Centro-Sul";"Pesca artesanal";"JC";"";"";"";"Outros";"";"";"";"";"";"Tarrafa";"";"";"";"";"-26,9254656";"-48,6670336";"0,00";"0,00";"Marcos Vinicius Barros da Silva";"Marcos Vinicius Barros da Silva";"18/02/2025 13:59";"18/02/2025 13:59";"11/03/2025 13:56"
"1.1227267";"07/10/2024";"#097";"Região Centro-Sul";"Pesca artesanal";"Caputera";"";"";"";"Arrasto";"";"Berimbau";"";"";"";"";"";"";"";"";"-26,9254656";"-48,6670336";"0,00";"0,00";"Marcos Vinicius Barros da Silva";"Marcos Vinicius Barros da Silva";"18/02/2025 13:56";"18/02/2025 13:56";"11/03/2025 13:49"
"1.1227179";"08/10/2024";"#096";"Região Centro-Sul";"Pesca artesanal";"Perrexil";"";"";"";"Armadilha";"Aviãozinho";"";"";"";"";"";"";"";"";"";"-26,9254656";"-48,6670336";"0,00";"0,00";"Marcos Vinicius Barros da Silva";"Marcos Vinicius Barros da Silva";"18/02/2025 12:13";"18/02/2025 12:13";"11/03/2025 13:45"
"1.1227084";"08/10/2024";"#095";"Região Centro-Sul";"Pesca artesanal";"Imaruí";"";"";"";"Armadilha";"Aviãozinho";"";"";"";"";"";"";"";"";"";"-26,9254656";"-48,6670336";"0,00";"0,00";"Marcos Vinicius Barros da Silva";"Tainá Guimarães Julio";"18/02/2025 11:10";"18/02/2025 11:10";"18/03/2025 12:45"
"1.1227076";"08/10/2024";"#094";"Região Centro-Sul";"Pesca artesanal";"Barranceira";"";"";"";"Armadilha";"Aviãozinho";"";"";"";"";"";"";"";"";"";"-26,9254656";"-48,6670336";"0,00";"0,00";"Marcos Vinicius Barros da Silva";"Marcos Vinicius Barros da Silva";"18/02/2025 11:02";"18/02/2025 11:02";"11/03/2025 13:37"
"1.1226955";"08/10/2024";"#093";"Região Centro-Sul";"Pesca artesanal";"Caputera";"";"";"";"Emalhe";"";"";"Redes de superfície";"";"";"";"";"";"";"";"-26,9254656";"-48,6670336";"0,00";"0,00";"Marcos Vinicius Barros da Silva";"Marcos Vinicius Barros da Silva";"18/02/2025 09:44";"18/02/2025 09:44";"11/03/2025 13:36"
"1.1226668";"08/10/2024";"#091";"Região Centro-Sul";"Pesca artesanal";"";"";"";"";"Emalhe";"";"";"Redes de fundo";"";"";"";"";"";"";"";"-26,9254656";"-48,6670336";"0,00";"0,00";"Marcos Vinicius Barros da Silva";"Marcos Vinicius Barros da Silva";"17/02/2025 17:03";"17/02/2025 17:03";"11/03/2025 13:34"
"1.1226517";"06/10/2024";"#090";"Região Centro-Sul";"Pesca artesanal";"";"";"";"";"Emalhe";"";"";"Redes de fundo";"";"";"";"";"";"";"";"-26,9254656";"-48,6670336";"0,00";"0,00";"Marcos Vinicius Barros da Silva";"Marcos Vinicius Barros da Silva";"17/02/2025 15:32";"17/02/2025 15:32";"11/03/2025 13:29"
"1.1226504";"05/10/2024";"#089";"Região Centro-Sul";"Pesca artesanal";"";"";"";"";"Emalhe";"";"";"Redes de superfície";"";"";"";"";"";"";"";"-26,9254656";"-48,6670336";"0,00";"0,00";"Marcos Vinicius Barros da Silva";"Marcos Vinicius Barros da Silva";"17/02/2025 15:19";"17/02/2025 15:19";"11/03/2025 13:26"
"1.1226379";"06/10/2024";"#088";"Região Centro-Sul";"Pesca artesanal";"Tesoura";"";"";"";"Outros";"";"";"";"";"";"Tarrafa";"";"";"";"";"-26,9254656";"-48,6670336";"0,00";"0,00";"Marcos Vinicius Barros da Silva";"Marcos Vinicius Barros da Silva";"17/02/2025 13:50";"17/02/2025 13:50";"11/03/2025 13:25"
"1.1226373";"03/10/2024";"#087";"Região Centro-Sul";"Pesca artesanal";"JC";"";"";"";"Outros";"";"";"";"";"";"Tarrafa";"";"";"";"";"-26,9254656";"-48,6670336";"0,00";"0,00";"Marcos Vinicius Barros da Silva";"Marcos Vinicius Barros da Silva";"17/02/2025 13:31";"17/02/2025 13:31";"11/03/2025 13:24"
"1.1226368";"02/10/2024";"#086";"Região Centro-Sul";"Pesca artesanal";"";"";"";"";"Emalhe";"";"";"Redes de superfície";"";"";"";"";"";"";"";"-26,9254656";"-48,6670336";"0,00";"0,00";"Marcos Vinicius Barros da Silva";"Marcos Vinicius Barros da Silva";"17/02/2025 13:28";"17/02/2025 13:27";"11/03/2025 13:23"
"1.1226343";"02/10/2024";"#085";"Região Centro-Sul";"Pesca artesanal";"JC";"";"";"";"Outros";"";"";"";"";"";"Tarrafa";"";"";"";"";"-26,9254656";"-48,6670336";"0,00";"0,00";"Marcos Vinicius Barros da Silva";"Marcos Vinicius Barros da Silva";"17/02/2025 11:53";"17/02/2025 11:53";"11/03/2025 13:22"
"1.1226340";"02/10/2024";"#084";"Região Centro-Sul";"Pesca artesanal";"JC";"";"";"";"Outros";"";"";"";"";"";"Tarrafa";"";"";"";"";"-26,9254656";"-48,6670336";"0,00";"0,00";"Marcos Vinicius Barros da Silva";"Marcos Vinicius Barros da Silva";"17/02/2025 11:49";"17/02/2025 11:49";"11/03/2025 13:21"
"1.1226332";"01/10/2024";"#083";"Região Centro-Sul";"Pesca artesanal";"Gelatina";"";"";"";"Emalhe";"";"";"Redes de fundo";"";"";"";"";"";"";"";"-26,9254656";"-48,6670336";"0,00";"0,00";"Marcos Vinicius Barros da Silva";"Tainá Guimarães Julio";"17/02/2025 11:43";"17/02/2025 11:43";"18/03/2025 12:43"
"1.1226204";"30/09/2024";"#082";"Região Centro-Sul";"Pesca artesanal";"Gelatina";"";"";"";"Emalhe";"";"";"Redes de fundo";"";"";"";"";"";"";"";"-26,9254656";"-48,6670336";"0,00";"0,00";"Marcos Vinicius Barros da Silva";"Marcos Vinicius Barros da Silva";"17/02/2025 10:22";"17/02/2025 10:22";"11/03/2025 13:16"
"1.1226020";"27/09/2024";"#081";"Região Sul";"Pesca artesanal";"";"";"";"";"Emalhe";"";"";"Redes de superfície";"";"";"";"";"";"";"";"-26,9254656";"-48,6670336";"0,00";"0,00";"Marcos Vinicius Barros da Silva";"Marcos Vinicius Barros da Silva";"17/02/2025 08:55";"17/02/2025 08:55";"25/03/2025 09:19"
"1.1226013";"27/09/2024";"#080";"Região Centro-Sul";"Pesca artesanal";"";"";"";"";"Emalhe";"";"";"Redes de superfície";"";"";"";"";"";"";"";"-26,9254656";"-48,6670336";"0,00";"0,00";"Marcos Vinicius Barros da Silva";"Marcos Vinicius Barros da Silva";"17/02/2025 08:50";"17/02/2025 08:50";"11/03/2025 11:56"
"1.1224959";"27/09/2024";"#079";"Região Centro-Sul";"Pesca artesanal";"";"";"";"";"Emalhe";"";"";"Redes de superfície";"";"";"";"";"";"";"";"-26,9221888";"-48,6637568";"0,00";"0,00";"Marcos Vinicius Barros da Silva";"Marcos Vinicius Barros da Silva";"14/02/2025 11:30";"14/02/2025 11:30";"11/03/2025 11:12"
"1.1224852";"26/09/2024";"#077";"Região Centro-Sul";"Pesca artesanal";"";"";"";"";"Emalhe";"";"";"Redes de fundo";"";"";"";"";"";"";"";"-26,9221888";"-48,6637568";"0,00";"0,00";"Marcos Vinicius Barros da Silva";"Marcos Vinicius Barros da Silva";"14/02/2025 10:48";"14/02/2025 10:48";"11/03/2025 11:02"
"1.1224799";"25/09/2024";"#076";"Região Centro-Sul";"Pesca artesanal";"";"";"";"";"Emalhe";"";"";"Redes de fundo";"";"";"";"";"";"";"";"-26,9221888";"-48,6637568";"0,00";"0,00";"Marcos Vinicius Barros da Silva";"Marcos Vinicius Barros da Silva";"14/02/2025 10:25";"14/02/2025 10:25";"11/03/2025 11:00"
"1.1224393";"25/09/2024";"#075";"Região Centro-Sul";"Pesca artesanal";"";"";"";"";"Emalhe";"";"";"Redes de fundo";"";"";"";"";"";"";"";"-26,9221888";"-48,6637568";"0,00";"0,00";"Marcos Vinicius Barros da Silva";"Marcos Vinicius Barros da Silva";"13/02/2025 16:52";"13/02/2025 16:52";"11/03/2025 10:53"
"1.1224055";"24/09/2024";"#074";"Região Centro-Sul";"Pesca artesanal";"";"";"";"";"Emalhe";"";"";"Redes de fundo";"";"";"";"";"";"";"";"-26,9221888";"-48,6637568";"0,00";"0,00";"Marcos Vinicius Barros da Silva";"Marcos Vinicius Barros da Silva";"13/02/2025 11:25";"13/02/2025 11:25";"11/03/2025 10:46"
"1.1223933";"22/09/2024";"#073";"Região Centro-Sul";"Pesca artesanal";"";"";"";"";"Emalhe";"";"";"Redes de fundo";"";"";"";"";"";"";"";"-26,9221888";"-48,6637568";"0,00";"0,00";"Marcos Vinicius Barros da Silva";"Marcos Vinicius Barros da Silva";"13/02/2025 09:29";"13/02/2025 09:29";"11/03/2025 10:44"
"1.1223926";"23/09/2024";"#072";"Região Centro-Sul";"Pesca artesanal";"";"";"";"";"Emalhe";"";"";"Redes de fundo";"";"";"";"";"";"";"";"-26,9221888";"-48,6637568";"0,00";"0,00";"Marcos Vinicius Barros da Silva";"Marcos Vinicius Barros da Silva";"13/02/2025 09:19";"13/02/2025 09:19";"11/03/2025 10:24"
"1.1223921";"23/09/2024";"#071";"Região Centro-Sul";"Pesca artesanal";"";"";"";"";"Emalhe";"";"";"Redes de fundo";"";"";"";"";"";"";"";"-26,9221888";"-48,6637568";"0,00";"0,00";"Marcos Vinicius Barros da Silva";"Tainá Guimarães Julio";"13/02/2025 08:59";"13/02/2025 08:59";"18/03/2025 13:45"
"1.1223735";"17/07/2024";"#070";"Região Central";"Pesca artesanal";"";"";"";"";"Arrasto";"";"Arrasto de praia";"";"";"";"";"";"";"";"";"-26,9221888";"-48,6637568";"0,00";"0,00";"Marcos Vinicius Barros da Silva";"Marcos Vinicius Barros da Silva";"12/02/2025 18:21";"12/02/2025 18:21";"11/03/2025 10:23"
"1.1223713";"17/09/2024";"#068";"Região Centro-Sul";"Pesca artesanal";"";"";"";"";"Emalhe";"";"";"Redes de fundo";"";"";"";"";"";"";"";"-26,9221888";"-48,6637568";"0,00";"0,00";"Marcos Vinicius Barros da Silva";"Tainá Guimarães Julio";"12/02/2025 17:23";"12/02/2025 17:23";"18/03/2025 13:40"
"1.1223699";"16/09/2024";"#067";"Região Centro-Sul";"Pesca artesanal";"";"";"";"";"Emalhe";"";"";"Redes de fundo";"";"";"";"";"";"";"";"-26,9221888";"-48,6637568";"0,00";"0,00";"Marcos Vinicius Barros da Silva";"Marcos Vinicius Barros da Silva";"12/02/2025 16:48";"12/02/2025 16:48";"11/03/2025 10:08"
"1.1223672";"10/09/2024";"#066";"Região Centro-Sul";"Pesca artesanal";"";"";"";"";"Emalhe";"";"";"Redes de fundo";"";"";"";"";"";"";"";"-26,9221888";"-48,6637568";"0,00";"0,00";"Marcos Vinicius Barros da Silva";"Marcos Vinicius Barros da Silva";"12/02/2025 16:12";"12/02/2025 16:12";"11/03/2025 10:07"
"1.1223668";"15/09/2024";"#065";"Região Centro-Sul";"Pesca artesanal";"";"";"";"";"Emalhe";"";"";"Redes de fundo";"";"";"";"";"";"";"";"-26,9221888";"-48,6637568";"0,00";"0,00";"Marcos Vinicius Barros da Silva";"Tainá Guimarães Julio";"12/02/2025 16:05";"12/02/2025 16:05";"18/03/2025 13:43"
"1.1223638";"14/09/2024";"#064";"Região Centro-Sul";"Pesca artesanal";"Camacho";"";"";"";"Emalhe";"";"";"Redes de fundo";"";"";"";"";"";"";"";"-26,9221888";"-48,6637568";"0,00";"0,00";"Marcos Vinicius Barros da Silva";"Marcos Vinicius Barros da Silva";"12/02/2025 15:41";"12/02/2025 15:41";"11/03/2025 10:06"
"1.1223307";"14/09/2024";"#063";"Região Centro-Sul";"Pesca artesanal";"";"";"";"";"Emalhe";"";"";"Redes de fundo";"";"";"";"";"";"";"";"-26,9221888";"-48,6637568";"0,00";"0,00";"Marcos Vinicius Barros da Silva";"Marcos Vinicius Barros da Silva";"12/02/2025 11:01";"12/02/2025 11:01";"11/03/2025 10:04"
"1.1223244";"10/09/2024";"#061";"Região Centro-Sul";"Pesca artesanal";"";"";"";"";"Emalhe";"";"";"Redes de fundo";"";"";"";"";"";"";"";"-26,9221888";"-48,6637568";"0,00";"0,00";"Marcos Vinicius Barros da Silva";"Marcos Vinicius Barros da Silva";"12/02/2025 10:30";"12/02/2025 10:30";"11/03/2025 10:04"
"1.1223155";"09/09/2024";"#059";"Região Centro-Sul";"Pesca artesanal";"";"";"";"";"Emalhe";"";"";"Redes de fundo";"";"";"";"";"";"";"";"-26,9221888";"-48,6637568";"0,00";"0,00";"Marcos Vinicius Barros da Silva";"Marcos Vinicius Barros da Silva";"12/02/2025 09:45";"12/02/2025 09:45";"11/03/2025 09:59"
"1.1223085";"09/09/2024";"#060";"Região Centro-Sul";"Pesca artesanal";"";"";"";"";"Emalhe";"";"";"Redes de fundo";"";"";"";"";"";"";"";"-26,9221888";"-48,6637568";"0,00";"0,00";"Marcos Vinicius Barros da Silva";"Marcos Vinicius Barros da Silva";"12/02/2025 09:02";"12/02/2025 09:02";"11/03/2025 09:58"
"1.1222708";"06/09/2024";"#058";"Região Centro-Sul";"Pesca artesanal";"";"";"";"";"Emalhe";"";"";"Redes de fundo";"";"";"";"";"";"";"";"-26,918912";"-48,6670336";"0,00";"0,00";"Marcos Vinicius Barros da Silva";"Marcos Vinicius Barros da Silva";"11/02/2025 16:38";"11/02/2025 16:38";"11/03/2025 09:56"
"1.1222550";"06/09/2024";"#057";"Região Centro-Sul";"Pesca artesanal";"";"";"";"";"Emalhe";"";"";"Redes de fundo";"";"";"";"";"";"";"";"-26,918912";"-48,6670336";"0,00";"0,00";"Marcos Vinicius Barros da Silva";"Marcos Vinicius Barros da Silva";"11/02/2025 14:37";"11/02/2025 14:37";"10/03/2025 15:18"
"1.1222526";"06/09/2024";"#056";"Região Centro-Sul";"Pesca artesanal";"";"";"";"";"Emalhe";"";"";"Redes de fundo";"";"";"";"";"";"";"";"-26,918912";"-48,6670336";"0,00";"0,00";"Marcos Vinicius Barros da Silva";"Marcos Vinicius Barros da Silva";"11/02/2025 14:24";"11/02/2025 14:24";"10/03/2025 15:18"
"1.1222512";"06/09/2024";"#055";"Região Centro-Sul";"Pesca artesanal";"";"";"";"";"Emalhe";"";"";"Redes de fundo";"";"";"";"";"";"";"";"-26,918912";"-48,6670336";"0,00";"0,00";"Marcos Vinicius Barros da Silva";"Marcos Vinicius Barros da Silva";"11/02/2025 14:10";"11/02/2025 14:10";"10/03/2025 15:17"
"1.1222423";"05/09/2024";"#054";"Região Centro-Sul";"Pesca artesanal";"";"";"";"";"Emalhe";"";"";"Redes de fundo";"";"";"";"";"";"";"";"-26,918912";"-48,6670336";"0,00";"0,00";"Marcos Vinicius Barros da Silva";"Marcos Vinicius Barros da Silva";"11/02/2025 11:55";"11/02/2025 11:55";"10/03/2025 15:16"
"1.1220631";"04/09/2024";"#053";"Região Centro-Sul";"Pesca artesanal";"";"";"";"";"Emalhe";"";"";"Redes de fundo";"";"";"";"";"";"";"";"-26,9156352";"-48,6637568";"0,00";"0,00";"Marcos Vinicius Barros da Silva";"Marcos Vinicius Barros da Silva";"07/02/2025 16:41";"07/02/2025 16:41";"10/03/2025 15:15"
"1.1220615";"03/09/2024";"#052";"Região Centro-Sul";"Pesca artesanal";"Perrexil";"";"";"";"Emalhe";"";"";"Redes de fundo";"";"";"";"";"";"";"";"-26,9156352";"-48,6637568";"0,00";"0,00";"Marcos Vinicius Barros da Silva";"Marcos Vinicius Barros da Silva";"07/02/2025 16:19";"07/02/2025 16:19";"10/03/2025 15:10"
"1.1220606";"03/09/2024";"#051";"Região Centro-Sul";"Pesca artesanal";"";"";"";"";"Emalhe";"";"";"Redes de fundo";"";"";"";"";"";"";"";"-26,9156352";"-48,6637568";"0,00";"0,00";"Marcos Vinicius Barros da Silva";"Marcos Vinicius Barros da Silva";"07/02/2025 16:10";"07/02/2025 16:10";"10/03/2025 15:10"
"1.1220590";"03/09/2024";"#050";"Região Centro-Sul";"Pesca artesanal";"";"";"";"";"Emalhe";"";"";"Redes de fundo";"";"";"";"";"";"";"";"-26,9156352";"-48,6637568";"0,00";"0,00";"Marcos Vinicius Barros da Silva";"Marcos Vinicius Barros da Silva";"07/02/2025 15:57";"07/02/2025 15:57";"10/03/2025 15:04"
"1.1220474";"31/08/2024";"#049";"Região Centro-Sul";"Pesca artesanal";"";"";"";"";"Emalhe";"";"";"Redes de fundo";"";"";"";"";"";"";"";"-26,9156352";"-48,6637568";"0,00";"0,00";"Marcos Vinicius Barros da Silva";"Marcos Vinicius Barros da Silva";"07/02/2025 14:42";"07/02/2025 14:42";"21/03/2025 15:09"
"1.1220448";"30/08/2024";"#048";"Região Centro-Sul";"Pesca artesanal";"";"";"";"";"Emalhe";"";"";"Redes de fundo";"";"";"";"";"";"";"";"-26,9156352";"-48,6637568";"0,00";"0,00";"Marcos Vinicius Barros da Silva";"Marcos Vinicius Barros da Silva";"07/02/2025 14:20";"07/02/2025 14:20";"10/03/2025 14:57"
"1.1219780";"25/08/2024";"#047";"Região Sul";"Pesca artesanal";"";"";"";"";"Emalhe";"";"";"Redes de fundo";"";"";"";"";"";"";"";"-26,9156352";"-48,6637568";"0,00";"0,00";"Marcos Vinicius Barros da Silva";"Marcos Vinicius Barros da Silva";"06/02/2025 18:00";"06/02/2025 18:00";"10/03/2025 14:55"
"1.1219718";"23/08/2024";"#046";"Região Centro-Sul";"Pesca artesanal";"";"";"";"";"Emalhe";"";"";"Redes de fundo";"";"";"";"";"";"";"";"-26,9156352";"-48,6637568";"0,00";"0,00";"Marcos Vinicius Barros da Silva";"Marcos Vinicius Barros da Silva";"06/02/2025 17:25";"06/02/2025 17:25";"10/03/2025 14:50"
"1.1219211";"02/08/2024";"#045";"Região Centro-Sul";"Pesca artesanal";"";"";"";"";"";"";"";"";"";"";"";"";"";"";"";"-26,9156352";"-48,6637568";"0,00";"0,00";"Marcos Vinicius Barros da Silva";"Marcos Vinicius Barros da Silva";"06/02/2025 10:29";"06/02/2025 10:29";"10/03/2025 14:31"
"1.1218792";"15/08/2024";"#043";"Região Centro-Sul";"Pesca artesanal";"";"";"";"";"";"";"";"";"";"";"";"";"";"";"";"-26,9156352";"-48,6670336";"0,00";"0,00";"Marcos Vinicius Barros da Silva";"Marcos Vinicius Barros da Silva";"05/02/2025 16:51";"05/02/2025 16:51";"10/03/2025 14:28"
"1.1218779";"11/08/2024";"#042";"Região Centro-Sul";"Pesca artesanal";"";"";"";"";"Emalhe";"";"";"Redes de fundo";"";"";"";"";"";"";"";"-26,9156352";"-48,6670336";"0,00";"0,00";"Marcos Vinicius Barros da Silva";"Marcos Vinicius Barros da Silva";"05/02/2025 16:34";"05/02/2025 16:34";"10/03/2025 11:46"
"1.1217768";"10/08/2024";"#041";"Região Central";"Pesca artesanal";"";"";"";"";"Emalhe";"";"";"Redes de fundo";"";"";"";"";"";"";"";"-26,9156352";"-48,6637568";"0,00";"0,00";"Marcos Vinicius Barros da Silva";"Marcos Vinicius Barros da Silva";"04/02/2025 17:25";"04/02/2025 17:25";"10/03/2025 11:43"
"1.1217721";"06/08/2024";"#040";"Região Centro-Sul";"Pesca artesanal";"Imaruí";"";"";"";"Arrasto";"";"Berimbau";"";"";"";"";"";"";"";"";"-26,9156352";"-48,6637568";"0,00";"0,00";"Marcos Vinicius Barros da Silva";"Marcos Vinicius Barros da Silva";"04/02/2025 16:27";"04/02/2025 16:27";"10/03/2025 11:40"
"1.1217706";"15/08/2024";"#044";"Região Central";"Pesca artesanal";"";"";"";"";"Emalhe";"";"";"Redes de fundo";"";"";"";"";"";"";"";"-26,9156352";"-48,6637568";"0,00";"0,00";"Marcos Vinicius Barros da Silva";"Marcos Vinicius Barros da Silva";"04/02/2025 16:19";"04/02/2025 16:19";"10/03/2025 11:39"
"1.1216808";"05/08/2024";"#039";"Região Centro-Sul";"Pesca artesanal";"";"";"";"";"Emalhe";"";"";"Redes de fundo";"";"";"";"";"";"";"";"-26,9156352";"-48,6670336";"0,00";"0,00";"Marcos Vinicius Barros da Silva";"Marcos Vinicius Barros da Silva";"03/02/2025 17:28";"03/02/2025 17:28";"10/03/2025 11:37"
"1.1216793";"01/08/2024";"#034";"Região Centro-Sul";"Pesca artesanal";"";"";"";"";"Emalhe";"";"";"Redes de fundo";"";"";"";"";"";"";"";"-26,9156352";"-48,6670336";"0,00";"0,00";"Marcos Vinicius Barros da Silva";"Marcos Vinicius Barros da Silva";"03/02/2025 17:09";"03/02/2025 17:09";"10/03/2025 11:31"
"1.1164684";"20/07/2024";"#029";"Região Sul";"Pesca artesanal";"";"";"";"";"Emalhe";"";"";"Redes de fundo";"";"";"";"";"";"";"";"";"";"0,00";"0,00";"Tainá Guimarães Julio";"Marcos Vinicius Barros da Silva";"08/11/2024 13:06";"08/11/2024 13:06";"10/03/2025 11:17"
"1.1164677";"05/08/2024";"#038";"Região Centro-Sul";"Pesca artesanal";"";"";"";"";"Outros";"";"";"";"";"";"";"";"";"";"";"";"";"0,00";"0,00";"Tainá Guimarães Julio";"Marcos Vinicius Barros da Silva";"08/11/2024 13:01";"08/11/2024 13:01";"10/03/2025 11:17"
"1.1164659";"05/08/2024";"#037";"Região Centro-Sul";"Pesca artesanal";"";"";"";"";"Outros";"";"";"";"";"";"";"";"";"";"";"";"";"0,00";"0,00";"Tainá Guimarães Julio";"Marcos Vinicius Barros da Silva";"08/11/2024 12:39";"08/11/2024 12:39";"21/03/2025 13:04"
"1.1164651";"03/08/2024";"#035";"Região Centro-Sul";"Pesca artesanal";"";"";"";"";"Emalhe";"";"";"Redes de fundo";"";"";"";"";"";"";"";"";"";"0,00";"0,00";"Tainá Guimarães Julio";"Marcos Vinicius Barros da Silva";"08/11/2024 12:33";"08/11/2024 12:33";"10/03/2025 11:13"
"1.1164597";"20/07/2024";"#030";"Região Sul";"Pesca artesanal";"";"";"";"";"Emalhe";"";"";"Redes de superfície";"";"";"";"";"";"";"";"";"";"0,00";"0,00";"Tainá Guimarães Julio";"Marcos Vinicius Barros da Silva";"08/11/2024 11:47";"08/11/2024 11:47";"10/03/2025 11:12"
"1.1162419";"24/07/2024";"#032";"Região Centro-Sul";"Pesca artesanal";"";"";"";"";"Emalhe";"";"";"Redes de fundo";"";"";"";"";"";"";"";"";"";"0,00";"0,00";"Tainá Guimarães Julio";"Marcos Vinicius Barros da Silva";"06/11/2024 17:02";"06/11/2024 17:02";"10/03/2025 11:10"
"1.1162410";"19/07/2024";"#028";"Região Sul";"Pesca artesanal";"";"";"";"";"Emalhe";"";"";"Redes de fundo";"";"";"";"";"";"";"";"";"";"0,00";"0,00";"Tainá Guimarães Julio";"Marcos Vinicius Barros da Silva";"06/11/2024 16:56";"06/11/2024 16:56";"10/03/2025 11:10"
"1.1162394";"14/07/2024";"#027";"Região Sul";"Pesca artesanal";"";"";"";"";"Emalhe";"";"";"Redes de fundo";"";"";"";"";"";"";"";"";"";"0,00";"0,00";"Tainá Guimarães Julio";"Marcos Vinicius Barros da Silva";"06/11/2024 16:49";"06/11/2024 16:49";"10/03/2025 11:10"
"1.1161134";"01/07/2024";"#026";"Região Central";"Pesca artesanal";"";"";"";"";"Arrasto";"";"Arrasto de praia";"";"";"";"";"";"";"";"";"";"";"0,00";"0,00";"Tainá Guimarães Julio";"Marcos Vinicius Barros da Silva";"05/11/2024 17:02";"05/11/2024 17:02";"10/03/2025 11:09"
"1.1147445";"04/07/2024";"#025";"Região Centro-Sul";"Pesca artesanal";"";"";"";"";"Outros";"";"";"";"";"";"";"";"";"";"";"";"";"0,00";"0,00";"Tainá Guimarães Julio";"Marcos Vinicius Barros da Silva";"21/10/2024 16:46";"21/10/2024 16:46";"10/03/2025 11:05"
"1.1147391";"02/07/2024";"#021";"Região Centro-Sul";"Pesca artesanal";"";"";"";"";"Emalhe";"";"";"Redes de fundo";"";"";"";"";"";"";"";"";"";"0,00";"0,00";"Tainá Guimarães Julio";"Marcos Vinicius Barros da Silva";"21/10/2024 15:48";"21/10/2024 15:48";"10/03/2025 11:05"
"1.1141791";"03/07/2024";"#022";"Região Centro-Sul";"Pesca artesanal";"";"";"";"";"Emalhe";"";"";"Redes de fundo";"";"";"";"";"";"";"";"";"";"0,00";"0,00";"Tainá Guimarães Julio";"Marcos Vinicius Barros da Silva";"11/10/2024 15:28";"11/10/2024 15:28";"10/03/2025 11:03"
"1.1141751";"03/07/2024";"#024";"Região Centro-Sul";"Pesca artesanal";"";"";"";"";"Outros";"";"";"";"";"";"";"";"";"";"";"";"";"0,00";"0,00";"Tainá Guimarães Julio";"Marcos Vinicius Barros da Silva";"11/10/2024 14:47";"11/10/2024 14:47";"10/03/2025 10:55"
"1.1141730";"14/06/2024";"#016";"Região Central";"Pesca artesanal";"";"";"";"";"Arrasto";"";"Arrasto de praia";"";"";"";"";"";"";"";"";"";"";"0,00";"0,00";"Tainá Guimarães Julio";"Tainá Guimarães Julio";"11/10/2024 14:10";"11/10/2024 14:10";"18/03/2025 13:33"
"1.1141700";"23/06/2024";"#017";"Região Central";"Pesca artesanal";"";"";"";"";"Arrasto";"";"Arrasto de praia";"";"";"";"";"";"";"";"";"";"";"0,00";"0,00";"Tainá Guimarães Julio";"Marcos Vinicius Barros da Silva";"11/10/2024 12:49";"11/10/2024 12:49";"10/03/2025 10:45"
"1.1141698";"12/06/2024";"#014";"Região Central";"Pesca artesanal";"";"";"";"";"Arrasto";"";"Arrasto de praia";"";"";"";"";"";"";"";"";"";"";"0,00";"0,00";"Tainá Guimarães Julio";"Marcos Vinicius Barros da Silva";"11/10/2024 12:37";"11/10/2024 12:37";"10/03/2025 10:44"
"1.1141230";"15/06/2024";"#013";"Região Central";"Pesca artesanal";"";"";"";"";"Arrasto";"";"Arrasto de praia";"";"";"";"";"";"";"";"";"";"";"0,00";"0,00";"Tainá Guimarães Julio";"Marcos Vinicius Barros da Silva";"10/10/2024 16:03";"10/10/2024 16:03";"10/03/2025 10:42"
"1.1141216";"14/06/2024";"#011";"Região Centro-Sul";"Pesca artesanal";"";"";"";"";"Emalhe";"";"";"Redes de fundo";"";"";"";"";"";"";"";"";"";"0,00";"0,00";"Tainá Guimarães Julio";"Marcos Vinicius Barros da Silva";"10/10/2024 15:52";"10/10/2024 15:52";"10/03/2025 10:35"
"1.1140416";"14/06/2024";"#010";"Região Centro-Sul";"Pesca artesanal";"";"";"";"";"Emalhe";"";"";"Redes de fundo";"";"";"";"";"";"";"";"";"";"0,00";"0,00";"Tainá Guimarães Julio";"Marcos Vinicius Barros da Silva";"09/10/2024 12:17";"09/10/2024 12:16";"10/03/2025 10:34"
"1.1140290";"13/06/2024";"#009";"Região Centro-Sul";"Pesca artesanal";"";"";"";"";"Emalhe";"";"";"Redes de fundo";"";"";"";"";"";"";"";"";"";"0,00";"0,00";"Tainá Guimarães Julio";"Marcos Vinicius Barros da Silva";"09/10/2024 10:52";"09/10/2024 10:52";"10/03/2025 10:32"
"1.1139907";"10/06/2024";"#008";"Região Centro-Sul";"Pesca artesanal";"";"";"";"";"Emalhe";"";"";"";"";"";"";"";"";"";"";"";"";"0,00";"0,00";"Tainá Guimarães Julio";"Marcos Vinicius Barros da Silva";"08/10/2024 15:45";"08/10/2024 15:45";"10/03/2025 10:21"
"1.1139722";"07/06/2024";"#007";"Região Centro-Sul";"Pesca artesanal";"";"";"";"";"Emalhe";"";"";"";"";"";"";"";"";"";"";"";"";"0,00";"0,00";"Tainá Guimarães Julio";"Marcos Vinicius Barros da Silva";"08/10/2024 12:35";"08/10/2024 12:35";"10/03/2025 10:16"
"1.1139692";"31/05/2024";"#003";"Região Centro-Sul";"Pesca artesanal";"";"";"";"";"Emalhe";"";"";"";"";"";"";"";"";"";"";"";"";"0,00";"0,00";"Tainá Guimarães Julio";"Marcos Vinicius Barros da Silva";"08/10/2024 11:57";"08/10/2024 11:57";"10/03/2025 10:18"
"1.1139673";"06/06/2024";"#006";"Região Central";"Pesca artesanal";"";"";"";"";"Arrasto";"";"Arrasto de praia";"";"";"";"";"";"";"";"";"";"";"0,00";"0,00";"Tainá Guimarães Julio";"Marcos Vinicius Barros da Silva";"08/10/2024 11:44";"08/10/2024 11:44";"10/03/2025 10:18"
"1.1138212";"04/06/2024";"#005";"Região Centro-Sul";"Pesca artesanal";"";"";"";"";"Emalhe";"";"";"Redes de fundo";"";"";"";"";"";"";"";"";"";"0,00";"0,00";"Tainá Guimarães Julio";"Marcos Vinicius Barros da Silva";"04/10/2024 15:42";"04/10/2024 15:42";"10/03/2025 10:17"
"1.1138194";"02/06/2024";"#004";"Região Centro-Sul";"Pesca artesanal";"";"";"";"";"Outros";"";"";"";"";"";"";"";"";"";"";"";"";"0,00";"0,00";"Tainá Guimarães Julio";"Marcos Vinicius Barros da Silva";"04/10/2024 15:20";"04/10/2024 15:20";"10/03/2025 10:17"
"1.1138047";"30/05/2024";"#002";"Região Central";"Pesca artesanal";"";"";"";"";"Arrasto";"";"Arrasto de praia";"";"";"";"";"";"";"";"";"";"";"0,00";"0,00";"Tainá Guimarães Julio";"Marcos Vinicius Barros da Silva";"04/10/2024 11:44";"04/10/2024 11:44";"10/03/2025 10:17"
"1.1138022";"30/05/2024";"#001";"Região Centro-Sul";"Pesca artesanal";"";"";"";"";"Emalhe";"";"";"Redes de fundo";"";"";"";"";"";"";"";"";"";"0,00";"0,00";"Tainá Guimarães Julio";"Marcos Vinicius Barros da Silva";"04/10/2024 11:17";"04/10/2024 11:17";"10/03/2025 10:17"
"24276.1";"23/08/2024";"1sb010824";"Região Norte";"Pesca artesanal";"";"";"";"";"";"";"";"";"";"";"";"";"";"";"";"-26,917555024144";"-48,665574074921";"-26,917616645831";"-48,665480017707";"Thaiza Maria Rezende da Rocha Barreto";"Thaiza Maria Rezende da Rocha Barreto";"23/09/2024 08:34";"05/09/2024 14:58";"13/09/2024 11:54"
